chb01_01.edf,-1
chb01_02.edf,1
chb01_03.edf,1
chb01_04.edf,1
chb01_05.edf,-1
chb01_06.edf,-1
chb01_07.edf,-1
chb01_08.edf,0
chb01_09.edf,0
chb01_10.edf,0
chb01_11.edf,0
chb01_12.edf,-1
chb01_13.edf,-1
chb01_14.edf,1
chb01_15.edf,1
chb01_16.edf,1
chb01_17.edf,1
chb01_18.edf,1
chb01_19.edf,-1
chb01_20.edf,3
chb01_21.edf,3
chb01_22.edf,-1
chb01_23.edf,-1
chb01_24.edf,-1
chb01_25.edf,3
chb01_26.edf,3
chb01_27.edf,-1
chb01_29.edf,-1
chb01_30.edf,-1
chb01_31.edf,0
chb01_32.edf,0
chb01_33.edf,0
chb01_34.edf,0
chb01_36.edf,0
chb01_37.edf,0
chb01_38.edf,0
chb01_39.edf,0
chb01_40.edf,0
chb01_41.edf,0
chb01_42.edf,0
chb01_43.edf,0
chb01_46.edf,0
chb02_01.edf,0
chb02_02.edf,0
chb02_03.edf,0
chb02_04.edf,0
chb02_05.edf,0
chb02_06.edf,0
chb02_07.edf,0
chb02_08.edf,0
chb02_09.edf,0
chb02_10.edf,0
chb02_11.edf,0
chb02_12.edf,-1
chb02_13.edf,-1
chb02_14.edf,-1
chb02_15.edf,1
chb02_16.edf,1
chb02_16+.edf,1
chb02_17.edf,-1
chb02_18.edf,3
chb02_19.edf,3
chb02_20.edf,-1
chb02_21.edf,-1
chb02_22.edf,-1
chb02_23.edf,0
chb02_24.edf,0
chb02_25.edf,0
chb02_26.edf,0
chb02_27.edf,0
chb02_28.edf,0
chb02_29.edf,0
chb02_30.edf,0
chb02_31.edf,0
chb02_32.edf,0
chb02_33.edf,0
chb02_34.edf,0
chb02_35.edf,-1
chb03_01.edf,1
chb03_02.edf,1
chb03_03.edf,1
chb03_04.edf,1
chb03_05.edf,-1
chb03_06.edf,0
chb03_07.edf,0
chb03_08.edf,0
chb03_09.edf,0
chb03_10.edf,0
chb03_11.edf,0
chb03_12.edf,0
chb03_13.edf,0
chb03_14.edf,0
chb03_15.edf,0
chb03_16.edf,0
chb03_17.edf,0
chb03_18.edf,0
chb03_19.edf,0
chb03_20.edf,0
chb03_21.edf,0
chb03_22.edf,0
chb03_23.edf,0
chb03_24.edf,0
chb03_25.edf,0
chb03_26.edf,0
chb03_27.edf,0
chb03_28.edf,0
chb03_29.edf,0
chb03_30.edf,0
chb03_31.edf,-1
chb03_32.edf,-1
chb03_33.edf,1
chb03_34.edf,1
chb03_35.edf,3
chb03_36.edf,3
chb03_37.edf,-1
chb03_38.edf,-1
chb04_01.edf,-1
chb04_02.edf,-1
chb04_03.edf,0
chb04_04.edf,-1
chb04_05.edf,1
chb04_06.edf,-1
chb04_07.edf,-1
chb04_08.edf,1
chb04_09.edf,-1
chb04_10.edf,-1
chb04_11.edf,0
chb04_12.edf,0
chb04_13.edf,0
chb04_14.edf,0
chb04_15.edf,0
chb04_16.edf,0
chb04_17.edf,0
chb04_18.edf,0
chb04_19.edf,0
chb04_21.edf,0
chb04_22.edf,0
chb04_23.edf,0
chb04_24.edf,0
chb04_25.edf,0
chb04_26.edf,-1
chb04_27.edf,3
chb04_28.edf,3
chb04_29.edf,-1
chb04_30.edf,3
chb04_31.edf,3
chb04_32.edf,3
chb04_33.edf,3
chb04_34.edf,3
chb04_35.edf,3
chb04_36.edf,3
chb04_37.edf,3
chb04_38.edf,0
chb04_39.edf,0
chb04_40.edf,0
chb04_41.edf,0
chb04_42.edf,0
chb04_43.edf,-1
chb05_01.edf,-1
chb05_02.edf,-1
chb05_03.edf,-1
chb05_04.edf,-1
chb05_05.edf,1
chb05_06.edf,1
chb05_07.edf,-1
chb05_08.edf,-1
chb05_09.edf,-1
chb05_10.edf,-1
chb05_11.edf,-1
chb05_12.edf,1
chb05_13.edf,1
chb05_14.edf,-1
chb05_15.edf,1
chb05_16.edf,1
chb05_17.edf,3
chb05_18.edf,-1
chb05_19.edf,-1
chb05_20.edf,-1
chb05_21.edf,3
chb05_22.edf,3
chb05_23.edf,-1
chb05_24.edf,-1
chb05_25.edf,-1
chb05_26.edf,0
chb05_27.edf,0
chb05_28.edf,0
chb05_29.edf,0
chb05_30.edf,0
chb05_31.edf,0
chb05_32.edf,0
chb05_33.edf,0
chb05_34.edf,0
chb05_35.edf,0
chb05_36.edf,0
chb05_37.edf,0
chb05_38.edf,0
chb05_39.edf,0
chb06_01.edf,1
chb06_02.edf,-1
chb06_03.edf,-1
chb06_04.edf,1
chb06_05.edf,-1
chb06_06.edf,0
chb06_07.edf,0
chb06_08.edf,-1
chb06_09.edf,1
chb06_10.edf,1
chb06_12.edf,1
chb06_13.edf,1
chb06_14.edf,-1
chb06_15.edf,0
chb06_16.edf,0
chb06_17.edf,-1
chb06_18.edf,3
chb06_24.edf,3
chb07_01.edf,-1
chb07_02.edf,0
chb07_03.edf,0
chb07_04.edf,0
chb07_05.edf,0
chb07_06.edf,0
chb07_07.edf,0
chb07_08.edf,0
chb07_09.edf,0
chb07_10.edf,0
chb07_11.edf,-1
chb07_12.edf,1
chb07_13.edf,1
chb07_14.edf,-1
chb07_15.edf,-1
chb07_16.edf,0
chb07_17.edf,-1
chb07_18.edf,-1
chb07_19.edf,-1
chb07_19.edf,3
chb08_02.edf,1
chb08_03.edf,-1
chb08_04.edf,-1
chb08_05.edf,1
chb08_10.edf,-1
chb08_11.edf,3
chb08_12.edf,-1
chb08_13.edf,3
chb08_14.edf,-1
chb08_15.edf,0
chb08_16.edf,0
chb08_17.edf,0
chb08_18.edf,0
chb08_19.edf,0
chb08_20.edf,-1
chb08_21.edf,3
chb08_22.edf,-1
chb08_23.edf,-1
chb08_24.edf,-1
chb08_29.edf,-1
chb09_01.edf,0
chb09_02.edf,0
chb09_03.edf,0
chb09_04.edf,0
chb09_05.edf,0
chb09_06.edf,1
chb09_07.edf,-1
chb09_08.edf,1
chb09_09.edf,-1
chb09_10.edf,0
chb09_11.edf,0
chb09_12.edf,0
chb09_13.edf,0
chb09_14.edf,0
chb09_15.edf,0
chb09_16.edf,0
chb09_17.edf,0
chb09_18.edf,-1
chb09_19.edf,3
chb10_01.edf,0
chb10_02.edf,0
chb10_03.edf,0
chb10_04.edf,0
chb10_05.edf,0
chb10_06.edf,0
chb10_07.edf,0
chb10_08.edf,0
chb10_12.edf,1
chb10_13.edf,-1
chb10_14.edf,-1
chb10_15.edf,0
chb10_16.edf,0
chb10_17.edf,0
chb10_18.edf,0
chb10_19.edf,-1
chb10_20.edf,1
chb10_21.edf,-1
chb10_22.edf,-1
chb10_27.edf,1
chb10_28.edf,-1
chb10_30.edf,3
chb10_31.edf,3
chb10_38.edf,3
chb10_89.edf,3
chb11_01.edf,0
chb11_02.edf,0
chb11_03.edf,0
chb11_04.edf,0
chb11_05.edf,0
chb11_06.edf,0
chb11_07.edf,0
chb11_08.edf,0
chb11_09.edf,0
chb11_10.edf,0
chb11_11.edf,0
chb11_12.edf,0
chb11_13.edf,0
chb11_14.edf,0
chb11_15.edf,0
chb11_16.edf,0
chb11_17.edf,0
chb11_18.edf,0
chb11_19.edf,0
chb11_24.edf,0
chb11_25.edf,0
chb11_26.edf,0
chb11_27.edf,0
chb11_53.edf,0
chb11_54.edf,0
chb11_55.edf,0
chb11_56.edf,0
chb11_58.edf,0
chb11_60.edf,0
chb11_61.edf,0
chb11_62.edf,0
chb11_63.edf,0
chb11_82.edf,1
chb11_92.edf,1
chb11_99.edf,3
chb12_06.edf,1
chb12_08.edf,1
chb12_09.edf,1
chb12_10.edf,1
chb12_11.edf,1
chb12_19.edf,-1
chb12_20.edf,-1
chb12_21.edf,1
chb12_23.edf,1
chb12_24.edf,-1
chb12_27.edf,1
chb12_28.edf,1
chb12_29.edf,1
chb12_32.edf,1
chb12_33.edf,1
chb12_34.edf,-1
chb12_35.edf,3
chb12_36.edf,3
chb12_37.edf,3
chb12_38.edf,3
chb12_39.edf,-1
chb12_40.edf,-1
chb12_41.edf,3
chb12_42.edf,3
chb13_02.edf,-1
chb13_03.edf,0
chb13_04.edf,0
chb13_05.edf,0
chb13_06.edf,0
chb13_07.edf,0
chb13_08.edf,0
chb13_09.edf,0
chb13_10.edf,0
chb13_11.edf,0
chb13_12.edf,0
chb13_13.edf,0
chb13_14.edf,0
chb13_15.edf,0
chb13_16.edf,0
chb13_18.edf,1
chb13_19.edf,1
chb13_21.edf,1
chb13_22.edf,-1
chb13_24.edf,-1
chb13_30.edf,-1
chb13_36.edf,0
chb13_37.edf,-1
chb13_38.edf,-1
chb13_39.edf,1
chb13_40.edf,1
chb13_47.edf,-1
chb13_55.edf,1
chb13_56.edf,-1
chb13_58.edf,3
chb13_59.edf,3
chb13_60.edf,3
chb13_62.edf,3
chb14_01.edf,-1
chb14_02.edf,1
chb14_03.edf,1
chb14_04.edf,1
chb14_06.edf,1
chb14_07.edf,-1
chb14_11.edf,1
chb14_12.edf,-1
chb14_13.edf,-1
chb14_14.edf,-1
chb14_16.edf,-1
chb14_17.edf,1
chb14_18.edf,3
chb14_19.edf,-1
chb14_20.edf,-1
chb14_22.edf,-1
chb14_24.edf,0
chb14_25.edf,-1
chb14_26.edf,-1
chb14_27.edf,3
chb14_29.edf,-1
chb14_30.edf,-1
chb14_32.edf,0
chb14_37.edf,0
chb14_39.edf,0
chb14_42.edf,0
chb15_01.edf,0
chb15_02.edf,0
chb15_03.edf,-1
chb15_04.edf,-1
chb15_05.edf,1
chb15_06.edf,1
chb15_07.edf,-1
chb15_08.edf,-1
chb15_09.edf,1
chb15_10.edf,1
chb15_11.edf,-1
chb15_12.edf,-1
chb15_13.edf,-1
chb15_14.edf,1
chb15_15.edf,1
chb15_16.edf,1
chb15_17.edf,1
chb15_19.edf,1
chb15_20.edf,1
chb15_22.edf,1
chb15_26.edf,-1
chb15_28.edf,1
chb15_29.edf,-1
chb15_30.edf,1
chb15_31.edf,1
chb15_32.edf,-1
chb15_33.edf,-1
chb15_35.edf,0
chb15_37.edf,-1
chb15_40.edf,1
chb15_45.edf,-1
chb15_46.edf,1
chb15_49.edf,1
chb15_50.edf,-1
chb15_51.edf,1
chb15_52.edf,1
chb15_54.edf,1
chb15_61.edf,1
chb15_62.edf,1
chb15_63.edf,-1
chb16_01.edf,0
chb16_02.edf,0
chb16_03.edf,0
chb16_04.edf,0
chb16_05.edf,0
chb16_06.edf,0
chb16_07.edf,-1
chb16_08.edf,-1
chb16_09.edf,-1
chb16_10.edf,1
chb16_11.edf,1
chb16_12.edf,-1
chb16_13.edf,1
chb16_14.edf,1
chb16_15.edf,1
chb16_16.edf,1
chb16_17.edf,3
chb16_18.edf,3
chb16_19.edf,-1
chb17a_03.edf,1
chb17a_04.edf,1
chb17a_05.edf,-1
chb17a_06.edf,-1
chb17a_08.edf,-1
chb17b_57.edf,-1
chb17b_58.edf,-1
chb17b_59.edf,-1
chb17b_60.edf,-1
chb17b_63.edf,3
chb17b_67.edf,-1
chb17b_68.edf,-1
chb17b_69.edf,-1
chb17c_02.edf,0
chb17c_03.edf,0
chb17c_04.edf,0
chb17c_05.edf,0
chb17c_06.edf,0
chb17c_07.edf,0
chb17c_08.edf,-1
chb17c_13.edf,-1
chb18_01.edf,-1
chb18_02.edf,0
chb18_03.edf,0
chb18_04.edf,0
chb18_05.edf,0
chb18_06.edf,0
chb18_07.edf,0
chb18_08.edf,0
chb18_09.edf,0
chb18_10.edf,0
chb18_11.edf,0
chb18_12.edf,0
chb18_13.edf,0
chb18_14.edf,0
chb18_15.edf,0
chb18_16.edf,0
chb18_17.edf,0
chb18_18.edf,0
chb18_19.edf,0
chb18_20.edf,0
chb18_21.edf,0
chb18_22.edf,0
chb18_23.edf,0
chb18_24.edf,0
chb18_25.edf,0
chb18_26.edf,-1
chb18_27.edf,-1
chb18_28.edf,-1
chb18_29.edf,1
chb18_30.edf,1
chb18_31.edf,1
chb18_32.edf,1
chb18_33.edf,-1
chb18_34.edf,-1
chb18_35.edf,3
chb18_36.edf,3
chb19_01.edf,-1
chb19_02.edf,0
chb19_03.edf,0
chb19_04.edf,0
chb19_05.edf,0
chb19_06.edf,0
chb19_07.edf,0
chb19_08.edf,0
chb19_09.edf,0
chb19_10.edf,0
chb19_11.edf,0
chb19_12.edf,0
chb19_13.edf,0
chb19_14.edf,0
chb19_15.edf,0
chb19_16.edf,0
chb19_17.edf,0
chb19_18.edf,0
chb19_19.edf,0
chb19_20.edf,0
chb19_21.edf,0
chb19_22.edf,0
chb19_23.edf,0
chb19_24.edf,0
chb19_25.edf,0
chb19_26.edf,0
chb19_27.edf,1
chb19_28.edf,1
chb19_29.edf,1
chb19_30.edf,3
chb20_01.edf,0
chb20_02.edf,0
chb20_03.edf,0
chb20_04.edf,0
chb20_05.edf,0
chb20_06.edf,0
chb20_07.edf,0
chb20_08.edf,0
chb20_11.edf,1
chb20_12.edf,1
chb20_13.edf,1
chb20_14.edf,1
chb20_15.edf,1
chb20_16.edf,3
chb20_17.edf,-1
chb20_21.edf,0
chb20_22.edf,0
chb20_23.edf,0
chb20_25.edf,0
chb20_26.edf,0
chb20_27.edf,0
chb20_28.edf,0
chb20_29.edf,0
chb20_30.edf,0
chb20_31.edf,0
chb20_34.edf,0
chb20_59.edf,0
chb20_60.edf,0
chb20_68.edf,3
chb21_01.edf,0
chb21_02.edf,0
chb21_03.edf,0
chb21_04.edf,0
chb21_05.edf,0
chb21_06.edf,0
chb21_07.edf,0
chb21_08.edf,0
chb21_09.edf,0
chb21_10.edf,0
chb21_11.edf,0
chb21_12.edf,0
chb21_13.edf,0
chb21_14.edf,0
chb21_15.edf,0
chb21_16.edf,-1
chb21_17.edf,-1
chb21_18.edf,1
chb21_19.edf,1
chb21_20.edf,1
chb21_21.edf,1
chb21_22.edf,3
chb21_23.edf,-1
chb21_24.edf,-1
chb21_25.edf,0
chb21_26.edf,0
chb21_27.edf,0
chb21_28.edf,0
chb21_29.edf,0
chb21_30.edf,0
chb21_31.edf,0
chb21_32.edf,0
chb21_33.edf,0
chb22_01.edf,0
chb22_02.edf,0
chb22_03.edf,0
chb22_04.edf,0
chb22_05.edf,0
chb22_06.edf,0
chb22_07.edf,0
chb22_08.edf,0
chb22_09.edf,0
chb22_10.edf,0
chb22_11.edf,0
chb22_15.edf,0
chb22_16.edf,0
chb22_17.edf,-1
chb22_18.edf,-1
chb22_19.edf,-1
chb22_20.edf,1
chb22_21.edf,-1
chb22_22.edf,-1
chb22_23.edf,-1
chb22_24.edf,-1
chb22_25.edf,1
chb22_26.edf,-1
chb22_27.edf,-1
chb22_28.edf,-1
chb22_29.edf,-1
chb22_30.edf,0
chb22_38.edf,3
chb22_51.edf,-1
chb22_54.edf,0
chb22_77.edf,0
chb23_06.edf,1
chb23_07.edf,1
chb23_08.edf,1
chb23_09.edf,3
chb23_10.edf,-1
chb23_16.edf,0
chb23_17.edf,0
chb23_19.edf,0
chb23_20.edf,0
chb24_01.edf,1
chb24_02.edf,1
chb24_03.edf,1
chb24_04.edf,1
chb24_05.edf,1
chb24_06.edf,1
chb24_07.edf,1
chb24_08.edf,-1
chb24_09.edf,1
chb24_10.edf,-1
chb24_11.edf,1
chb24_12.edf,-1
chb24_13.edf,1
chb24_14.edf,1
chb24_15.edf,1
chb24_16.edf,-1
chb24_17.edf,1
chb24_18.edf,-1
chb24_19.edf,0
chb24_20.edf,0
chb24_21.edf,1
chb24_22.edf,0
